uuid,title,handle,authors,last_modified,withdrawn,type,date_available,year_issued,date_accessioned,rights,access_rights,doi,external_doi,faculty,school,for_codes,keywords,data_volume_bytes_orig,num_files_orig
b1c87f8e-c9bd-4a42-b267-0faf1a94ed54,15 Year Infrastructure Plan for Australia,1959.4/unsworks_80049,"Beck, A|Bruce, A|Collins, G|Bennett, D|Frisby, M|Hall, P|Jones, R|Kilbane, S|Padgett Kjaersgaard, S|Mckenzie, S|Smith, P|Snow, M",2024-04-19T12:16:47.064+00:00,False,Report,2024-03-25T20:43:32Z,2015,2024-03-25T20:43:32Z,CC-BY-NC-ND,open access,https://doi.org/10.26190/unsworks/28262,NO FIELD,Arts Design & Architecture,School of Built Environment,NO FIELD,NO FIELD,1043827,1
952bce17-cbaf-40c0-98ae-bfc60e29532d,2012 Annual Progress Report for the Australian Research Council Linkage Project LP110100480,1959.4/unsworks_34956,"Stroud, J|Yvanes-Giuliani, Y|Collins, RN",2024-04-15T10:16:11.280+00:00,False,Report,2024-03-25T12:34:36Z,2013,2024-03-25T12:34:36Z,CC-BY-NC-ND,open access,https://doi.org/10.26190/unsworks/25625,NO FIELD,Engineering,Civil & Environ. Eng (Sum),NO FIELD,NO FIELD,2824356,1
3740e204-78a5-46d0-bd49-b244e6576ec9,2015 Riverbank Vulnerability Assessment using a Decision Support System: Seaham Weir Pool and Lower Williams River,1959.4/unsworks_66969,"Glamore, W|Coghlan, I|Ruprecht, J",2024-09-26T05:16:26.872+00:00,False,Report,2024-03-25T18:02:17Z,2016,2024-03-25T18:02:17Z,CC-BY-NC-ND,open access,https://doi.org/10.26190/unsworks/27640,NO FIELD,Engineering|Arts Design & Architecture,Sch: Civil & Environmental Eng|School of Built Environment,NO FIELD,NO FIELD,19318993,1
8d581b46-ebd9-4bc3-8eb7-dc40f73bf547,2017 It's Your Love Life: a periodic survey on sexual health among young people in NSW,1959.4/unsworks_52713,"Adam, Philippe|de Wit, J|Schippers, M|Schmidt, H|Modderman, K|Murray, C|Estoesta, J|Slattery, C|Janssen, M|Botfield, J|Ketsuwan, I|Welsby, D",2025-05-09T19:27:12.615+00:00,False,Report,2024-03-25T15:30:05Z,2018,2024-03-25T15:30:05Z,CC-BY-NC-ND,open access,https://doi.org/10.26190/5bd79b0b94974,https://doi.org/10.26190/5bd79b0b94974,Arts Design & Architecture|Other UNSW|Science,Cntr Social Research in Health|UNSW IT,NO FIELD,NO FIELD,777350,1
29c3e800-4e1c-4af2-bfc2-76850b73a957,2018 It’s Your Love Life periodic survey: sexual health promotion needs of heterosexually-identified young people in NSW,1959.4/unsworks_67680,"Adam, Philippe|de Wit, J|Janssen, M|Murray, C|Estoesta, J|Ketsuwan, I|Mason, R|Slattery, C",2025-05-09T20:48:56.926+00:00,False,Report,2024-03-25T18:09:49Z,2020,2024-03-25T18:09:49Z,CC-BY-NC-ND,open access,https://doi.org/10.26190/5ecc76e17854b,https://doi.org/10.26190/5ecc76e17854b,Arts Design & Architecture,Cntr Social Research in Health,NO FIELD,NO FIELD,1456037,1
9d91abaa-3f16-4b90-8a81-696453eed46e,2018 Sydney Gay Asian Men Survey,1959.4/unsworks_54728,"Wong, T|Mao, Limin|Chen, T|Sparks, M|Wark, T|Kao, SC|Wong, S|Dailey, B|Azizul Haque, M|Gonzalez, N|Prihaswan, P|Stackpool, G|Brooks, M|Dabbhadatta, J|Aung, E|Lewis, D|Halliday, D",2025-05-09T19:30:48.125+00:00,False,Report,2024-03-25T15:52:16Z,2018,2024-03-25T15:52:16Z,CC-BY-NC-ND,open access,https://doi.org/10.26190/5c070cf9692fe,https://doi.org/10.26190/5c070cf9692fe,Arts Design & Architecture|Medicine & Health,Cntr Social Research in Health|The Kirby Institute,NO FIELD,NO FIELD,1284388,1
ebea6112-12d3-4693-8032-9709b83f4fb7,2019 It’s Your Love Life periodic survey on sexual health among heterosexually-identified young people in NSW: end project report,1959.4/unsworks_72766,"Adam, Philippe|Ketsuwan, I|Janssen, M|Slattery, C|de Wit, JBF",2025-02-14T20:57:51.550+00:00,False,Report,2024-03-25T18:44:20Z,2020,2024-03-25T18:44:20Z,CC-BY-NC-ND,open access,https://doi.org/10.26190/5fb45840943b9,https://doi.org/10.26190/5fb45840943b9,Arts Design & Architecture,Cntr Social Research in Health,NO FIELD,NO FIELD,1319399,1
e9bfaa27-189a-4214-a894-44aeeb5c0fde,2021 NSW Gay Asian Men Online Survey: key findings,1959.4/unsworks_79301,"Wong, Horas TH|Kumar, Sujith|Chen, Tim|Sarasola, Harrison|Wark, Tim|Power, Cherie|Bavinton, Benjamin|Dong, Kevin|Haque, Mahee|Mao, Limin",2025-05-27T20:35:15.811+00:00,False,Report,2024-03-25T20:29:09Z,2022,2024-03-25T20:29:09Z,CC-BY,open access,https://doi.org/10.26190/y2r6-2p17,https://doi.org/10.26190/y2r6-2p17,Arts Design & Architecture|Medicine & Health,Cntr Social Research in Health|The Kirby Institute,"420201 Behavioural epidemiology|320211 Infectious diseases|441001 Applied sociology, program evaluation and social impact assessment",NO FIELD,875390,1
7d2b2144-7de0-4bfb-9fc9-80b00377c52f,2022 Africa Water Policy Report,1959.4/unsworks_79608,"Slatyer, Tony|Soo, Tom|Unver, Olcay|Leslie, Greg",2024-04-10T17:09:03.742+00:00,False,Report,2024-03-25T20:35:43Z,2022,2024-03-25T20:35:43Z,CC-BY,metadata only access,NO FIELD,NO FIELD,Engineering,Sch: Chemical Engineering,NO FIELD,NO FIELD,0,0
8d503c84-9920-47c0-8415-9716a9c22e79,2023 review of the “National Greenhouse and Energy Reporting Act 2007”,1959.4/unsworks_83988,"Kelly, Bryce",2025-03-14T20:19:33.371+00:00,False,Report,2024-03-25T22:05:31Z,2023,2024-03-25T22:05:31Z,CC-BY,open access,https://doi.org/10.26190/unsworks/28604,NO FIELD,Science,"Biological, Earth & Env Sci",NO FIELD,NO FIELD,303130,1
129c3979-808d-4037-ab26-cb508769b39d,20K now or 50K later? What's driving people's decision to withdraw their super?,1959.4/unsworks_72435,"Bateman, Hazel|Campo, Robbie|Constable, David|Dobrescu, Isabella|Goodwin, Ailsa|Liu, Junhao|Newell, Benjamin R|Thorp, Susan",2025-05-09T21:06:09.672+00:00,False,Report,2024-03-25T18:39:58Z,2020,2024-03-25T18:39:58Z,CC-BY-NC-ND,open access,https://doi.org/10.26190/unsworks/27793,NO FIELD,Business|Science,Risk & Actuarial|School of Psychology,NO FIELD,NO FIELD,256301,1
ab9969b6-b0cf-4ba4-8558-713fa36266c3,3D Physical Modelling of Coffs Harbour Northern Breakwater Upgrade,1959.4/unsworks_66970,"Flocard, FD",2024-04-19T08:40:04.502+00:00,False,Report,2024-03-25T18:02:19Z,2015,2024-03-25T18:02:19Z,CC-BY-NC-ND,open access,https://doi.org/10.26190/unsworks/27641,NO FIELD,Engineering,Sch: Civil & Environmental Eng,NO FIELD,NO FIELD,5710872,1
15184f86-ee8c-405e-bdc3-2cc5bcba655b,"The 3D project: Diagnosis, disclosure, discrimination and living with hepatitis C",1959.4/10687,"Hopwood, Max|Treloar, Carla",2022-06-09T10:13:53.469+00:00,False,Report,2021-11-25T17:04:35Z,2003,2021-11-25T17:04:35Z,CC BY-NC-ND 3.0,open access,https://doi.org/10.26190/unsworks/1188,NO FIELD,Arts Design & Architecture,Centre for Social Research in Health,NO FIELD,Hepatitis C|Disclosure|Discrimination|Diagnosis|Information sources|Treatments|Health services|Australia,570274,1
873e33e1-11ec-4c95-831b-7e5b6f8140a6,A blueprint for improving  housing outcomes in Tasmania,1959.4/unsworks_49402,"Warren, NA|Eccleston, R|Verdouw, J|Flanagan, K|Eslake, S",2025-01-24T20:54:37.176+00:00,False,Report,2024-03-25T14:46:16Z,2018,2024-03-25T14:46:16Z,CC-BY-NC-ND,metadata only access,NO FIELD,NO FIELD,Business,Aust Sch of Taxation,NO FIELD,NO FIELD,0,0
a99372c6-51b2-4eba-a253-ed75e0ad7ded,A blueprint to tackle Queensland's housing crisis,1959.4/unsworks_82943,"Pawson, Hal|Clarke, Andrew|Moore, Joelle|van den Nouwelant, ryan|Ng, Matthew",2025-05-30T19:22:13.361+00:00,False,Report,2024-03-25T21:46:47Z,2023,2024-03-25T21:46:47Z,CC-BY,open access,https://doi.org/10.26190/unsworks/28539,NO FIELD,Arts Design & Architecture,School of Social Sciences|City Futures Research Centre|School of Built Environment,NO FIELD,NO FIELD,5690098,1
c82e44fa-b071-4adc-8983-f766242574d7,A Case Study of the Phenomenology of BHIVE,1959.4/unsworks_83665,"Aznavoorian, Laurie|Grose, James|Durakovic, Iva",2024-04-19T12:52:19.372+00:00,False,Report,2024-03-25T21:59:53Z,2020,2024-03-25T21:59:53Z,CC-BY-NC-ND,open access,https://doi.org/10.26190/unsworks/28597,NO FIELD,Arts Design & Architecture,School of Built Environment,NO FIELD,NO FIELD,9296923,1
b5cdee95-427c-4a59-8b35-82be6bc2add1,A Climate Dividend for Australians,1959.4/unsworks_57365,"Dixon, Rosalind|Holden, Richard",2025-06-01T18:34:50.187+00:00,False,Report,2024-03-25T16:41:53Z,2018,2024-03-25T16:41:53Z,CC-BY-NC-ND,open access,https://doi.org/10.26190/unsworks/27263,NO FIELD,Law & Justice|Business,Sch of Global&Public Law|Sch of Economics,NO FIELD,NO FIELD,6403043,1
67a126b7-dd4f-46e6-80c6-7a8e6a52b386,A Collaboration to Develop and Deploy Integrated Network Techniques to Enhance the NSW Transport System: Final Report for Application 1,1959.4/unsworks_46055,"Waller, ST|Dixit, V|Duell, M|Grzybowska, H|Moylan, EK|Rey, D|Xiong, Z|Amini, N|Chakka|Ghasrikhouzani, M|Mao, T|Saxena, N",2025-05-09T18:17:30.864+00:00,False,Report,2024-03-25T14:12:16Z,2015,2024-03-25T14:12:16Z,CC-BY-NC-ND,metadata only access,NO FIELD,NO FIELD,Engineering|UNSW Canberra,Civil & Environ. Eng (Sum)|Sch: Civil & Environmental Eng|School of Eng & Tech,NO FIELD,NO FIELD,0,0
182aa36f-0625-4197-98b3-669e7f4041ce,A Collaboration to Develop and Deploy Integrated Network Techniques to Enhance the NSW Transport System: Final report for Application 2,1959.4/unsworks_44415,"waller, ST|dixit, V|Duell, M|Grzybowska, H|Moylan, E|Rey, D|Xiong, Z|Amini, N|chakka, M|Ghasrikhouzani, M|Mao, T|Saxena, N|Sloan, James|Maghrebi, Mojtaba|Chakka, Sai Chand",2025-05-30T16:43:06.259+00:00,False,Report,2024-03-25T13:59:34Z,2015,2024-03-25T13:59:34Z,CC-BY-NC-ND,metadata only access,NO FIELD,NO FIELD,Engineering|Other UNSW|UNSW Canberra,Sch: Civil & Environmental Eng|Division of Human Resources|Civil & Environmental Engineer|Civil & Environ. Eng (Sum)|School of Eng & Tech,NO FIELD,NO FIELD,0,0
b34e15a0-fb26-4d53-884c-50903c8f9815,A Collaboration to Develop and Deploy Integrated Network Techniques to Enhance the NSW Transport System: Final Report for Application 3,1959.4/unsworks_46060,"Waller, ST|Dixit, V|Duell, M|Grzybowska, H|Moylan, EK|Rey, D|Xiong, Z|Amini, N|Chakka|Ghasrikhouzani, M|Mao, T|Saxena, N",2025-05-09T18:17:31.473+00:00,False,Report,2024-03-25T14:12:17Z,2016,2024-03-25T14:12:17Z,CC-BY-NC-ND,metadata only access,NO FIELD,NO FIELD,Engineering|UNSW Canberra,Civil & Environ. Eng (Sum)|Sch: Civil & Environmental Eng|School of Eng & Tech,NO FIELD,NO FIELD,0,0
cb37a623-1e62-49e0-986f-b58e05b823ee,A Collaboration to Develop and Deploy Integrated Network Techniques to Enhance the NSW Transport System: Final report for Application 4,1959.4/unsworks_44427,"Waller, ST|Dixit, V|Duell, M|Grzybowska, H|moylan, E|rey, D|xiong, Z|Maghrebi, M|Amini, N|chakka, M|ghasrikhouzani, M|mao, T|Saxena, N|Sloan, J|Chakka, Sai Chand",2025-05-30T16:43:05.412+00:00,False,Report,2024-03-25T13:59:43Z,2016,2024-03-25T13:59:43Z,CC-BY-NC-ND,metadata only access,NO FIELD,NO FIELD,Engineering|Other UNSW|UNSW Canberra,Sch: Civil & Environmental Eng|Division of Human Resources|Civil & Environmental Engineer|Civil & Environ. Eng (Sum)|School of Eng & Tech,NO FIELD,NO FIELD,0,0
9307531d-868d-40b1-9c29-0571be878296,A community in action: How Walgett is redefining food systems,1959.4/unsworks_83839,"Rosewarne, Emalie|Hunnisett, Chelsea|Bennett-Brook, Keziah|Coombes, Julieann|Corby, Christine|Feeny, Emma|Leslie, Greg|McCausland, Ruth|McKenzie, Briar|Webster, Jacqui|Spencer, Wendy",2025-05-09T22:56:02.484+00:00,False,Report,2024-03-25T22:02:54Z,2021,2024-03-25T22:02:54Z,CC-BY-NC-ND,open access,https://doi.org/10.26190/cwnf-g520,https://doi.org/10.26190/cwnf-g520,Medicine & Health|Engineering|Other UNSW,School of Health Sciences|Sch: Chemical Engineering|Yuwaya Ngarra-li|School of Biomedical Sciences,NO FIELD,NO FIELD,2662665,1
0ce10fbd-4633-49e6-a0a3-51014f4b8e49,A Comparative Analysis of Policy Approaches to Encourage FinTech,1959.4/unsworks_80440,"Didenko, Anton|Buckley, Ross",2025-02-21T19:45:04.213+00:00,False,Report,2024-03-25T20:49:56Z,2020,2024-03-25T20:49:56Z,CC-BY-NC-ND,metadata only access,NO FIELD,NO FIELD,Law & Justice,Sch of Private&Commercial Law,NO FIELD,NO FIELD,0,0
55a46dfb-f42a-4099-9608-9ab1359de6ff,A comprehensive material flow account for the Australian economy to support the assessment of Australia’s progress towards a circular economy,1959.4/102605,"Miatto, Alessio|Emami, Nargessadat|Goodwin, Kylie|West, James|Taskhiri, Mohammad Sadegh|Wiedmann, Tommy|Schandl, Heinz",2024-07-23T04:39:18.043+00:00,False,Report,2024-07-23T04:39:16Z,2024,2024-07-23T04:39:16Z,CC-BY,metadata only access,NO FIELD,NO FIELD,Engineering,Sch: Civil & Environmental Eng,401105 Life cycle assessment and industrial ecology,NO FIELD,0,0
bc6a4e48-27a6-4d48-8e91-71c0947509ff,A conceptual analysis of social housing as infrastructure,1959.4/unsworks_55821,"Flanagan, Kathleen|Martin, Chris|Jacobs, Keith|Lawson, Julie",2024-09-26T05:18:14.429+00:00,False,Report,2024-03-25T16:09:48Z,2019,2024-03-25T16:09:48Z,CC-BY-NC-ND,open access,NO FIELD,https://doi.org/10.18408/ahuri-4114101,Arts Design & Architecture,City Futures Research Centre,33 Built Environment and Design|44 Human Society|4406 Human Geography|4407 Policy and Administration|3304 Urban and Regional Planning|1205 Urban and Regional Planning,33 Built Environment and Design|44 Human Society|4406 Human Geography|4407 Policy and Administration|3304 Urban and Regional Planning,2597612,1
76a4b32d-2269-4a11-95ba-3e8403d32057,A concise overwiew of barriers and facilitators to HIV testing. Directions for future research and interventions,1959.4/unsworks_55810,"Adam, P|de Wit, J",2025-01-24T13:16:57.834+00:00,False,Report,2024-03-25T16:09:36Z,2006,2024-03-25T16:09:36Z,CC-BY-NC-ND,open access,https://doi.org/10.26190/unsworks/27079,NO FIELD,Arts Design & Architecture,Cntr Social Research in Health,NO FIELD,NO FIELD,3733704,1
c2cc98c5-8865-4657-8af7-78f076b57d74,A content analysis of interviews conducted with a self-selected sample of non-Aboriginal staff who work on the Deadly Liver Mob program,1959.4/unsworks_59986,"Hopwood, Max",2024-04-19T07:56:48.571+00:00,False,Report,2024-03-25T17:01:50Z,2019,2024-03-25T17:01:50Z,CC-BY-NC-ND,open access,https://doi.org/10.26190/5d3047fe5a2fd,NO FIELD,Arts Design & Architecture,Cntr Social Research in Health,NO FIELD,NO FIELD,362759,1
cbb3679d-eca9-4479-b5c8-a64baf1160e0,A Cost Assessment of the NSW Involuntary Drug and Alcohol Treatment (IDAT) Program,1959.4/unsworks_73335,"Vuong, Thu|Shanahan, M|Sotade, O|Ritter, A",2025-05-09T21:12:41.432+00:00,False,Report,2024-03-25T18:55:20Z,2018,2024-03-25T18:55:20Z,CC-BY-NC-ND,open access,https://doi.org/10.26190/pn48-m053,https://doi.org/10.26190/pn48-m053,Arts Design & Architecture|Medicine & Health,Social Policy Research Centre|National Drug&Alcohol Research,NO FIELD,NO FIELD,871118,1
5a5e7ea9-8f0c-472a-9a42-78e7057cbb2f,A Cost Assessment of the NSW Involuntary Drug and Alcohol Treatment (IDAT) Program. Report to the NSW Ministry of Health,1959.4/unsworks_55905,"Vuong, Thu|Shanahan, Marian|Oluwadamisola, Sotade|Ritter, Alison",2025-05-09T19:43:57.748+00:00,False,Report,2024-03-25T16:11:17Z,2018,2024-03-25T16:11:17Z,CC-BY-NC-ND,metadata only access,NO FIELD,NO FIELD,Arts Design & Architecture|Medicine & Health,Social Policy Research Centre|National Drug&Alcohol Research,NO FIELD,NO FIELD,0,0
c4f108b7-73dc-43eb-bc87-fa80dda90464,A Data Linkage Evaluation of the Outcomes of the NSW Involuntary Drug and Alcohol Treatment (IDAT) Program,1959.4/unsworks_73416,"Vuong, Thu|Larney, S|Ritter, A",2025-05-09T21:12:42.921+00:00,False,Report,2024-03-25T18:56:33Z,2020,2024-03-25T18:56:33Z,CC-BY-NC-ND,open access,https://doi.org/10.26190/n165-xq68,https://doi.org/10.26190/n165-xq68,Arts Design & Architecture|Medicine & Health,Social Policy Research Centre|National Drug&Alcohol Research,NO FIELD,NO FIELD,1064949,1
e3595d66-923a-4d27-9551-964e6052f52d,“A deep wound under my heart”: Constructions of complex trauma and implications for women’s wellbeing and safety from violence,1959.4/unsworks_75235,"Salter, Michael|Conroy, Elizabeth|Dragiewicz, Molly|Burke, Jackie|Ussher, Jane|Middleton, Warwick|Vilenica, Sheryle|Martin Monzon, Beatriz|Noack-Lundberg, Kyja",2025-05-09T21:29:14.543+00:00,False,Report,2024-03-25T19:24:57Z,2020,2024-03-25T19:24:57Z,CC-BY-NC-ND,open access,https://doi.org/10.26190/unsworks/27996,NO FIELD,Arts Design & Architecture|Medicine & Health|UNSW Canberra,School of Social Sciences|Canberra - Business,NO FIELD,NO FIELD,2969182,1
0a06ea6e-28f9-4a80-9510-b5b49c289960,A flexible workplace for all?  Staff perspectives on flexible work at UNSW,1959.4/unsworks_64343,"Cortis, Natasha|Smyth, Ciara|Powell, Abigail",2025-05-09T20:34:49.148+00:00,False,Report,2024-03-25T17:41:34Z,2018,2024-03-25T17:41:34Z,CC-BY-NC-ND,metadata only access,NO FIELD,NO FIELD,Arts Design & Architecture|Business,Social Policy Research Centre|Centre Social Impact,NO FIELD,NO FIELD,0,0
21e2e347-e205-4b06-92eb-d860aa91fc1f,A Future Beyond the Wall: Improving Post-release Employment Outcomes for People Leaving Prison Final Report,1959.4/unsworks_51556,"Baldry, E|Bright, D|Cale, J|Day, A|Dowse, L|Giles, M|Hardcastle, L|Graffam, J|McGillivray, J|Newton, D|Rowe, SD|Wodak, J",2025-05-30T17:16:03.797+00:00,False,Report,2024-03-25T15:15:46Z,2018,2024-03-25T15:15:46Z,CC-BY-NC-ND,open access,https://doi.org/10.26190/5b4fd2de5cfb4,https://doi.org/10.26190/5b4fd2de5cfb4,Law & Justice|Other UNSW|Arts Design & Architecture,Law & Justice|Office of Soc. Transf & Equity|FASS Admin Unit|School of Social Sciences,NO FIELD,NO FIELD,739347,1
cad633ea-a0ed-4955-8ac8-2dd760d62e03,"A gender and rights-based analysis of health service provision and the National Malaria Control and Prevention Programs, Papua New Guinea (PNG)",1959.4/unsworks_82721,"Neuendorf, Nalisa|Mek, Agnes|Newland, Jamee|Kelly-Hanku, Angela|Kuramop, S|Kualawi, M|Pomat, William|Laman, Moses",2025-05-09T22:45:57.400+00:00,False,Report,2024-03-25T21:42:51Z,2021,2024-03-25T21:42:51Z,CC-BY-NC-ND,open access,https://doi.org/10.26190/unsworks/28503,NO FIELD,Medicine & Health,The Kirby Institute,NO FIELD,NO FIELD,2023283,1
1af0dcf4-46ae-44c3-9400-0f918fcec6ab,A guide to the potentially avoidable deaths indicator in Australia,1959.4/unsworks_44890,"Falster, MO|jorm, L",2025-03-14T16:58:48.138+00:00,False,Report,2024-03-25T14:04:23Z,2017,2024-03-25T14:04:23Z,CC-BY-NC-ND,metadata only access,NO FIELD,NO FIELD,Medicine & Health,School of Population Health|Centre for Big Data Research,NO FIELD,NO FIELD,0,0
8b9a2550-e6fc-455b-ac57-521539846ba1,A guide to the potentially preventable hospitalisations indicator in Australia,1959.4/unsworks_47268,"Falster, MO|Jorm, L",2025-03-14T16:58:47.569+00:00,False,Report,2024-03-25T14:24:30Z,2017,2024-03-25T14:24:30Z,CC-BY-NC-ND,metadata only access,NO FIELD,NO FIELD,Medicine & Health,School of Population Health|Centre for Big Data Research,NO FIELD,NO FIELD,0,0
295865dd-2672-4a08-9328-5e84b6641e9a,A Holistic Virtual Environment Platform for the Development and Visualisation of Defence Concepts,1959.4/unsworks_81784,"Crea, Teresa|Bourke, Conan|Stephens, Ashley|Tang, KIm",2025-05-30T19:15:22.241+00:00,False,Report,2024-03-25T21:24:28Z,2022,2024-03-25T21:24:28Z,CC-BY,metadata only access,NO FIELD,NO FIELD,Arts Design & Architecture,School of Art & Design,NO FIELD,NO FIELD,0,0
9995ab0f-25af-4de3-8eaf-24f8717b990b,A Knowledge Exchange Network for Australian and Indian Smart Cities,1959.4/unsworks_50393,"Praharaj, S|Hawken, SG",2024-04-18T13:52:15.294+00:00,False,Report,2024-03-25T15:00:28Z,2018,2024-03-25T15:00:28Z,CC-BY-NC-ND,open access,https://doi.org/10.26190/5cddf3e8d8eb5,NO FIELD,Arts Design & Architecture|Other UNSW,School of Built Environment|Finance,NO FIELD,NO FIELD,5625986,1
d0652ab4-f065-41a9-b68a-d1f80e0bbaa3,A literature review of gender-sensitive and equity focused service delivery models,1959.4/unsworks_62904,"Harris, Mark|Haigh, Fiona|Fatema, Kaniz|Hirono, Katherine|Crimeen, Alana|de Leeuw, Evelyne",2025-05-09T20:24:05.143+00:00,False,Report,2024-03-25T17:23:48Z,2019,2024-03-25T17:23:48Z,CC-BY-NC-ND,metadata only access,NO FIELD,NO FIELD,Medicine & Health|Other UNSW|Arts Design & Architecture,"Ctr for Future Health Systems|Division of Human Resources|Arts, Design & Architecture|Cities Institute",NO FIELD,NO FIELD,0,0
fabf41f2-1a56-4a58-af65-b70138bc5da0,A longitudinal study of the wellbeing of Amélie Housing Social and Affordable Housing Fund social housing tenants Final Report,1959.4/unsworks_85080,"Blunden, Hazel|valentine, kylie",2025-04-18T23:50:29.179+00:00,False,Report,2024-03-25T22:27:08Z,2023,2024-03-25T22:27:08Z,CC-BY,metadata only access,NO FIELD,NO FIELD,Arts Design & Architecture,Social Policy Research Centre,NO FIELD,NO FIELD,0,0
d6837074-24f5-4363-849e-2f9020d9bbd5,"A new model of care for women experiencing trauma from domestic, family and sexual violence: Co-design report",1959.4/unsworks_80017,"Cullen, Patricia|Stevenson, Sally|Baffsky, Rachel|Walker, Natasha",2025-05-09T22:15:48.941+00:00,False,Report,2024-03-25T20:42:48Z,2021,2024-03-25T20:42:48Z,CC-BY-NC-ND,open access,https://doi.org/10.26190/unsworks/28259,NO FIELD,Medicine & Health,School of Population Health|The Black Dog Institute,NO FIELD,NO FIELD,1094979,1
82428cab-dfc7-4b35-be9f-f4e3f1336cab,A peaceful mind: Vietnamese-Australians with liver cancer (Interview report),1959.4/unsworks_43425,"Hopwood, MN|Robotin, M|Porwal, M|Nguyen, D|Sze, M|George, J|Treloar, C",2025-05-09T17:51:18.785+00:00,False,Report,2024-03-25T13:47:13Z,2016,2024-03-25T13:47:13Z,CC-BY-NC-ND,open access,https://doi.org/10.4225/53/58d35a6fdb609,https://doi.org/10.4225/53/58d35a6fdb609,Arts Design & Architecture|Medicine & Health,Cntr Social Research in Health|The Kirby Institute,NO FIELD,NO FIELD,334060,1
b4e73227-7ecb-4a8b-9cb6-83d442db124b,A policy lab approach for reforming agro-forestry policy in Nepal,1959.4/unsworks_80808,"Shrestha, Krishna|Amatya, S|Pandit, B|Ojha, H|Cedamon, E|Nuberg, I|Paudel, N",2024-04-10T18:30:30.324+00:00,False,Report,2024-03-25T20:56:59Z,2017,2024-03-25T20:56:59Z,CC-BY-NC-ND,metadata only access,NO FIELD,NO FIELD,Arts Design & Architecture,School of Social Sciences,NO FIELD,NO FIELD,0,0
a81012d8-13c1-45d6-91e0-09b168872d1e,A Predictable and Preventable path: Aboriginal People with mental and cognitive disability in the criminal justice system,1959.4/unsworks_37093,"Baldry, E|McCausland, R|Dowse, L|McEntyre, E",2025-05-23T17:05:47.086+00:00,False,Report,2024-03-25T12:51:55Z,2015,2024-03-25T12:51:55Z,CC-BY-NC-ND,open access,NO FIELD,https://doi.org/10.13140/RG.2.1.3457.2240,Other UNSW|Arts Design & Architecture,Office of Soc. Transf & Equity|Yuwaya Ngarra-li|School of Social Sciences|Inst. of Global Development,NO FIELD,NO FIELD,1606372,1
657d8497-49aa-4f55-a71b-4a61d3c61f9c,A Program Logic to Progress Gender Inclusion and Capability in the Australian Defence Force,1959.4/unsworks_79395,"McDermott, Vanessa|Williamson, Sue|Connor, James|Yates, Sophie|Williams, Jessica|Beacham, Lili|May, Karen",2025-05-09T22:09:33.032+00:00,False,Report,2024-03-25T20:31:04Z,2021,2024-03-25T20:31:04Z,CC-BY-NC-ND,open access,https://doi.org/10.26190/unsworks/28183,NO FIELD,UNSW Canberra,School of Business,NO FIELD,NO FIELD,1159139,1
1fbfa970-ba5a-4afb-85e0-232f037a5aa0,A protocol for the extension of the Australian Parental Supply of Alcohol Longitudinal Study (APSALS),1959.4/102360,"Yuen, W|Peacock, A|Clare, PJ|Aiken, A|Degenhardt, L|Boland, V|Dixon, T|Kypri, K|Horwood, J|Bruno, R|McCambridge, J|Wadolowski, M|Najman, J|Hutchinson, D|Slade, T|McBride, N|Mattick, RP",2025-05-16T17:35:57.537+00:00,False,Report,2024-06-21T00:20:16Z,2018,2024-06-21T00:20:16Z,CC-BY-NC,open access,https://doi.org/10.26190/unsworks/30230,NO FIELD,Medicine & Health|Science,National Drug&Alcohol Research|School of Psychology|Nat Drug&Alc Res Ctre 1|Women's & Children's Health 1,NO FIELD,NO FIELD,1359201,1
7e166b5c-8ae4-4a0c-85bf-6bca99b73ad1,A qualitative scoping review of sexualised drug use (including Chemsex) of men who have sex with men and transgender women in Asia,1959.4/unsworks_74576,"Newland, Jamee|Kelly-Hanku, Angela",2025-05-30T18:27:24.971+00:00,False,Report,2024-03-25T19:13:19Z,2021,2024-03-25T19:13:19Z,CC-BY-NC-ND,open access,https://doi.org/10.26190/unsworks/27961,NO FIELD,Medicine & Health,The Kirby Institute,NO FIELD,NO FIELD,1199799,1
33f111e8-cb52-4624-a779-0d220647fd5a,"A qualitative study of the experiences of ex-prisoners who are seeking employment, the experiences of practitioners who work with ex-prisoners who are seeking employment and models of practice used",1959.4/unsworks_51557,"Hardcastle, L|Dowse, L|McGillivray, J|Newton, D|Rowe, SD|Crosbie, J|Giles, M",2025-05-30T17:16:04.682+00:00,False,Report,2024-03-25T15:15:47Z,2018,2024-03-25T15:15:47Z,CC-BY-NC-ND,open access,https://doi.org/10.26190/5b4fd5e63e8c6,https://doi.org/10.26190/5b4fd5e63e8c6,Law & Justice|Arts Design & Architecture,Law & Justice|School of Social Sciences,NO FIELD,NO FIELD,860325,1
1634f349-169c-4131-aa3b-964b4211a0c0,"A quantitative study on the relationship between workplace factors, work-related musculoskeletal disorders (WMSD) and psychosocial risk (PSR) in older New South Wales-based workers.",1959.4/unsworks_81890,"Farr-Wharton, Ben|Bentley, Tim|Onnis, Leigh Ann|Caponecchia, Carlo|De Almeida Neto, A|O'Neill, Sharron|Andrew, Catherine",2025-03-07T20:04:37.730+00:00,False,Report,2024-03-25T21:26:24Z,2021,2024-03-25T21:26:24Z,CC-BY-NC-ND,metadata only access,NO FIELD,NO FIELD,UNSW Canberra|Science,School of Business|School of Aviation,NO FIELD,NO FIELD,0,0
b19f92ce-c4df-4334-84df-77630ba86b8c,A randomised stepped-wedge evaluation of the impact of a guideline-driven process for improving the cultural competence of non-Aboriginal drug and alcohol treatment services.,1959.4/unsworks_80284,"Farnbach, Sara|Economidis, George|Aiken, Alexandra|Mithilesh, Dronavalli|Shakeshaft, Anthony",2025-05-20T07:58:07.536+00:00,False,Report,2024-03-25T20:47:34Z,2020,2024-03-25T20:47:34Z,CC-BY-NC-ND,open access,https://doi.org/10.26190/unsworks/28305,NO FIELD,Medicine & Health,National Drug&Alcohol Research,NO FIELD,NO FIELD,1079411,1
522035e4-6bc7-45b8-ac6d-ab448f10f4fd,"A Resource for Collective Healing for Members of the Stolen Generations: Planning, implementing and evaluating effective local responses",1959.4/unsworks_37287,"Blignault, I|Jackson Pulver, L|Fitzpatrick, S|Arkles, R|Williams, M|Haswell-Elkins, M|Grand Ortega, M",2025-02-14T16:07:15.888+00:00,False,Report,2024-03-25T12:54:10Z,2014,2024-03-25T12:54:10Z,CC-BY-NC-ND,metadata only access,NO FIELD,NO FIELD,Medicine & Health,Public Health & Community Med|School of Population Health,NO FIELD,NO FIELD,0,0
60d9da42-78e1-4df4-afd3-3a7032d67bf9,A review of artificial destratification techniques for cold water pollution mitigation,1959.4/unsworks_80231,"Chaaya, Farid|Miller, Brett",2024-09-18T05:59:15.689+00:00,False,Report,2024-03-25T20:46:46Z,2022,2024-03-25T20:46:46Z,CC-BY,metadata only access,NO FIELD,NO FIELD,Engineering,Sch: Civil & Environmental Eng,NO FIELD,NO FIELD,0,0
403d00fd-eed8-4a41-a99a-105612f85246,"A review of sexual health services for gay, bisexual and other men who have sex with men in Western Australia: Survey Report July 2013",1959.4/unsworks_34807,"Conway, DP|Holt, M|Atkinson, M|Marshall, L|McCloskey, J|Langdon, P|Callander, D|Guy, RJ",2025-05-30T14:50:31.581+00:00,False,Report,2024-03-25T12:33:56Z,2013,2024-03-25T12:33:56Z,CC-BY-NC-ND,metadata only access,NO FIELD,NO FIELD,Medicine & Health,The Kirby Institute,"200205 Culture, Gender, Sexuality|1117 Public Health and Health Services",NO FIELD,0,0
55bbbcb1-f8d4-4594-ae0b-0bc04e7fb5bb,A review of the relationship between flow and waterbird ecology in the Condamine-Balonne and Barwon-Darling River,1959.4/unsworks_43906,"Brandis, KJ|Bino, G",2024-04-15T15:10:15.420+00:00,False,Report,2024-03-25T13:52:27Z,2016,2024-03-25T13:52:27Z,CC-BY-NC-ND,open access,https://doi.org/10.26190/unsworks/26185,NO FIELD,Science,Centre for Ecosystem Science,NO FIELD,NO FIELD,5068190,1
1b704c8c-02a0-47f0-8e99-32692f45aa2c,A review of the use of mHealth to promote healthy ageing and support the delivery of age-friendly health care services in the Western Pacific Region,1959.4/unsworks_64588,"Liaw, Teng|Ansari, Sameera|Jonnagaddala, Jitendra|Narasimhan, Padmanesan|Ashraf, Md Mahfuz|Harris-Roxas, Ben|Harris, Mark",2025-05-15T04:11:41.932+00:00,False,Report,2024-03-25T17:44:07Z,2019,2024-03-25T17:44:07Z,CC-BY-NC-ND,metadata only access,NO FIELD,NO FIELD,Medicine & Health,School of Population Health|Ctr for Future Health Systems,NO FIELD,NO FIELD,0,0
b0ec01b3-2a22-4d1a-ac6e-878f6d33c448,A scoping review of causes and contributors to deaths of people with disability in Australia,1959.4/unsworks_83834,"Trollor, Julian",2024-04-18T11:44:01.270+00:00,False,Report,2024-03-25T22:02:49Z,2019,2024-03-25T22:02:49Z,CC-BY-NC-ND,open access,https://doi.org/10.26190/unsworks/28600,NO FIELD,Medicine & Health,Sch Clinical Medicine (Summ),NO FIELD,NO FIELD,2522412,1
e6d18a68-fce5-487a-a18c-eea916ed6b6e,A Study of the Children's Court of New South Wales,1959.4/unsworks_36724,"Bolitho, JJ|Fernandez, E",2024-04-15T10:56:13.884+00:00,False,Report,2024-03-25T12:48:34Z,2014,2024-03-25T12:48:34Z,CC-BY-NC-ND,open access,https://doi.org/10.26190/unsworks/25703,NO FIELD,Arts Design & Architecture,FASS Schools,NO FIELD,NO FIELD,2680923,1
3c669924-648d-4914-8a17-f54a7812b963,"A summary of criminal activity and contact with the criminal justice system among a sample of people who inject drugs in Darwin, Northern Territory, 2015-2020",1959.4/unsworks_77498,"Moon, Chris",2024-04-19T11:47:16.652+00:00,False,Report,2024-03-25T19:58:57Z,2021,2024-03-25T19:58:57Z,CC-BY-NC-ND,open access,https://doi.org/10.26190/p830-rd39,NO FIELD,Medicine & Health,National Drug&Alcohol Research,NO FIELD,NO FIELD,377176,1
c464785b-b495-410a-96e3-1a4661a7b0e4,A System Wide Analysis of Health Financing Equity in Cambodia,1959.4/unsworks_39397,"Wiseman, VL|Asante, A|Hayen, A|Ir, P|Bart, J|Liverani, M|Jan, S|Guiness, L",2025-05-30T16:23:32.821+00:00,False,Report,2024-03-25T13:16:15Z,2015,2024-03-25T13:16:15Z,CC-BY-NC-ND,metadata only access,NO FIELD,NO FIELD,Medicine & Health,The Kirby Institute|School of Population Health,NO FIELD,NO FIELD,0,0
ecd6464d-ec06-45ce-be37-9c02ad15c16e,A transdisciplinary Approach to Enhancing and Communicating Technology Concepts the Case of Project Kelpie,1959.4/unsworks_61426,"Crea, Teresa|Gallasch, Guy",2024-04-10T07:53:10.741+00:00,False,Report,2024-03-25T17:09:51Z,2019,2024-03-25T17:09:51Z,CC-BY-NC-ND,metadata only access,NO FIELD,NO FIELD,Arts Design & Architecture,School of Art & Design,NO FIELD,NO FIELD,0,0
d284af6c-d83c-4ae2-9569-9ab1dc6da572,"A Wraparound Approach to ‘Whole of Student’ Issues: Education, Health, and Community Services Review of Literature. Project Report",1959.4/unsworks_63435,"Cumming, Terry|Strnadova, Iva|Lonergan, Robyn|Lee, Hee Min",2025-05-09T20:27:47.042+00:00,False,Report,2024-03-25T17:31:52Z,2019,2024-03-25T17:31:52Z,CC-BY-NC-ND,open access,https://doi.org/10.26190/unsworks/27503,NO FIELD,Arts Design & Architecture|Other UNSW,School of Education|Finance,NO FIELD,NO FIELD,9091389,1
304d6f17-aa41-4309-996c-e08b407febc8,Aboriginal & Torres Strait Islander Sexual Health Promotion Initiatives in NSW,1959.4/50929,"Smith, Gary|Perry, Des|Cutmore, Michelle|Combo, Troy|Kippax, Susan|Heslop, Jenny|Mindel, Adrian|Mitchell, Malcolm",2022-06-09T10:13:53.469+00:00,False,Report,2021-11-25T17:34:14Z,1999,2021-11-25T17:34:14Z,CC BY-NC-ND 3.0,open access,https://doi.org/10.26190/unsworks/1210,NO FIELD,Arts Design & Architecture,Centre for Social Research in Health,111799 Public Health and Health Services not elsewhere classified,NO FIELD,13251554,1
a2dc91d0-932f-4157-9b6a-115f5c290f2a,Aboriginal family violence: Exploring its dimensions to inform effective responses in NSW,1959.4/unsworks_55750,"Cripps, Kyllie|Laurens, Edgar Julian",2025-05-16T17:45:55.379+00:00,False,Report,2024-03-25T16:08:40Z,2015,2024-03-25T16:08:40Z,CC-BY-NC-ND,metadata only access,NO FIELD,NO FIELD,Law & Justice|Other UNSW,Sch of Law Society&Criminology|Division of Human Resources,NO FIELD,NO FIELD,0,0
fbedca42-0ca3-4adb-b5e7-0a1509a5a12a,Aboriginal Women with Dependent Children Leaving Prison Project: Needs Analysis Report,1959.4/39956,"Baldry, Eileen|Ruddock, Jackie|Taylor, Jo",2022-06-09T10:13:53.469+00:00,False,Report,2021-11-25T13:33:39Z,2008,2021-11-25T13:33:39Z,CC BY-NC-ND 3.0,open access,https://doi.org/10.26190/unsworks/541,NO FIELD,Arts Design & Architecture,School of Social Sciences,NO FIELD,NO FIELD,906887,1
3bff3507-b823-4c2d-9c40-52c9affc5f43,About the Data,1959.4/unsworks_58959,"Sierra, M",2024-04-18T08:30:43.685+00:00,False,Report,2024-03-25T16:53:57Z,2019,2024-03-25T16:53:57Z,CC-BY-NC-ND,open access,https://doi.org/10.26190/unsworks/27321,NO FIELD,Arts Design & Architecture,ADA Schools,NO FIELD,NO FIELD,74411,1
f25b4820-7aec-4860-896d-f37b077967f1,Access to financial products and services: Financial Resilience and Access to Financial Products and Services - Part 2,1959.4/unsworks_50419,"Marjolin, A|Muir, K|ramia, I",2025-05-09T18:53:45.882+00:00,False,Report,2024-03-25T15:00:55Z,2017,2024-03-25T15:00:55Z,CC-BY-NC-ND,open access,https://doi.org/10.26190/unsworks/26603,NO FIELD,Arts Design & Architecture|Business,"Arts, Design & Architecture|Centre Social Impact",NO FIELD,NO FIELD,1356942,1
0ca645e4-3e24-464c-aa7d-db97310f2a85,"Access to harm reduction services and 'hidden' injectors: Access issues, knowledge, and risk practice among people who infrequently use primary NSPs in south-east Sydney, summary of findings",1959.4/43934,"Treloar, Carla|Booth, Gillian|Cao, Wen|Trask, Lauren|Lowth, Andrew|Weatherall, Anne Marie|Dixon, Julie|Denoe, M|MacDonald, Margaret|Laybutt, Becky",2022-06-09T10:13:53.469+00:00,False,Report,2021-11-25T14:51:50Z,2004,2021-11-25T14:51:50Z,CC BY-NC-ND 3.0,metadata only access,NO FIELD,NO FIELD,Arts Design & Architecture|Medicine & Health,Centre for Social Research in Health|The Kirby Institute,NO FIELD,NO FIELD,0,0
6eb27b91-30bb-4399-9003-c83da9b5a870,Access to measures of multidisciplinary/integrated care for participants attending general practice and impact on health service utilisation,1959.4/unsworks_51794,"Welberry, Heidi|Comino, E|Barr, M|Harris, M|Harris, Elizabeth|Harris-Roxas, B",2025-05-22T00:46:01.440+00:00,False,Report,2024-03-25T15:18:28Z,2018,2024-03-25T15:18:28Z,CC-BY-NC-ND,metadata only access,NO FIELD,NO FIELD,Medicine & Health,School of Population Health|Ctr for Future Health Systems|Centre for Big Data Research,NO FIELD,NO FIELD,0,0
adcb3afa-d4a3-4628-b273-cb25fa6aaae9,"Access to naloxone in Tasmania, 2014-2022",1959.4/unsworks_81209,"Bruno, Raimondo|Wilson, Yalei|Greaves, R|Briggs, M",2024-04-19T12:20:06.431+00:00,False,Report,2024-03-25T21:03:58Z,2022,2024-03-25T21:03:58Z,CC-BY,open access,https://doi.org/10.26190/xajp-fs59,NO FIELD,Medicine & Health,National Drug&Alcohol Research,NO FIELD,NO FIELD,456117,1
ef7c92e5-ba8b-45c5-b70b-c7d01882c349,Accessibility to great local places: Understanding the promise of access-based planning for the Six Cities Region,1959.4/104845,"Roper, Josephine|Pettit, Christopher",2025-05-20T14:11:29.701+00:00,False,Report,2025-05-20T06:02:43Z,2025,2025-05-20T06:02:43Z,CC-BY-ND,open access,https://doi.org/10.26190/unsworks/31115,NO FIELD,Arts Design & Architecture,School of Built Environment,NO FIELD,NO FIELD,2246058,1
61e2820f-945e-468e-9c98-bc243def5ae8,"Accounts of contemporary gay life in Sydney: Summary of findings of the QUICKIE study, 2007",1959.4/11119,"Bernard, Diana|Holt, Martin|Race, Kane",2022-06-09T10:13:53.469+00:00,False,Report,2021-11-25T12:31:43Z,2008,2021-11-25T12:31:43Z,CC BY-NC-ND 3.0,open access,https://doi.org/10.26190/unsworks/100,NO FIELD,Arts Design & Architecture,Centre for Social Research in Health,NO FIELD,Sexual practices|Gay community|HIV|Relationships|Drugs and alcohol|Internet|Sydney,380576,1
926af1a7-26a4-4e4b-afed-990e55000108,Achieving Gender Equality and addressing Sexual and Gender-Based Violence in the Global Compact on Refugees Major themes and key recommendations from the 5 Thematic Meetings and The High Commissioner’s Dialogue,1959.4/unsworks_67072,"Pittaway, Eileen|Bartolomei, Linda",2024-04-10T08:14:08.980+00:00,False,Report,2024-03-25T18:04:06Z,2018,2024-03-25T18:04:06Z,CC-BY-NC-ND,metadata only access,NO FIELD,NO FIELD,Arts Design & Architecture,School of Social Sciences,NO FIELD,NO FIELD,0,0
fa7bb2f9-9175-4fcd-a47a-c713cdd8d6bc,ACIAR Action Research Planning and Writing Workshop Report,1959.4/unsworks_39134,"Paudel, N|Shrestha, K|Ojha, H|Nuberg, I",2024-11-29T16:17:53.036+00:00,False,Report,2024-03-25T13:13:03Z,2014,2024-03-25T13:13:03Z,CC-BY-NC-ND,metadata only access,NO FIELD,NO FIELD,Arts Design & Architecture|Other UNSW,School of Social Sciences|Division of Human Resources,NO FIELD,NO FIELD,0,0
49043d26-5a1f-4ee4-bd3c-d9bdea399fb3,ACT OCSE Investigation into Scope 3 Greenhouse Gas Emissions - Report on Scope 3 Greenhouse Gas Emissions of the Australian Capital Territory,1959.4/unsworks_78334,"Goodwin, Kylie|Wiedmann, Tommy|Allen, Cameron|Lenzen, Manfred|Li, Mengyu|Fry, Jacob|Schandl, Heinz|Chen, Guangwu|Teh, Soo Huey|Micevski, Daniel",2024-10-18T19:42:21.820+00:00,False,Report,2024-03-25T20:11:01Z,2021,2024-03-25T20:11:01Z,CC-BY-NC-ND,open access,https://doi.org/10.26190/unsworks/28117,NO FIELD,Engineering,Sch: Civil & Environmental Eng,NO FIELD,NO FIELD,3636243,1
7473651f-5858-4c12-9125-480478c3571f,Action Research on Chaubas Community Forestry Enterprise,1959.4/unsworks_39142,"Paudel, Govinda|Paudel, N|Shrestha, K|Ojha, H|Nuberg, I",2025-01-24T17:35:56.536+00:00,False,Report,2024-03-25T13:13:09Z,2014,2024-03-25T13:13:09Z,CC-BY-NC-ND,metadata only access,NO FIELD,NO FIELD,Arts Design & Architecture|Other UNSW,"School of Social Sciences|Division of Human Resources|Arts, Design & Architecture",NO FIELD,NO FIELD,0,0
6da163a7-7d14-49dd-aae1-16b5ec78132f,Activated Protein C in Toxic Shock Syndrome,1959.4/unsworks_35601,"Rachakonda, KS",2024-04-15T10:23:41.217+00:00,False,Report,2024-03-25T12:39:28Z,2003,2024-03-25T12:39:28Z,CC-BY-NC-ND,open access,https://doi.org/10.26190/unsworks/25640,NO FIELD,Medicine & Health,Sch Clinical Medicine (Summ),1103 Clinical Sciences|1110 Nursing,NO FIELD,1026184,1
3503a9b7-8f6d-402e-812d-85ee293fe72d,Active Linking Initiative (ALI) Evaluation Final Report,1959.4/45193,"Edwards, R|Fisher, K.R",2022-06-09T10:13:53.469+00:00,False,Report,2021-11-25T15:59:26Z,2010,2021-11-25T15:59:26Z,CC BY-NC-ND 3.0,open access,https://doi.org/10.26190/unsworks/883,NO FIELD,Arts Design & Architecture,Social Policy Research Centre,NO FIELD,Boarding Houses|New South Wales,522564,1
937131a1-1d61-4104-aa3d-a39b3a08d7c7,Active Linking Initiative Evaluation Final Report,1959.4/45117,"Fisher, Karen|Edwards, Robyn",2022-06-09T10:13:53.469+00:00,False,Report,2021-11-25T15:53:55Z,2010,2021-11-25T15:53:55Z,CC BY-NC-ND 3.0,open access,https://doi.org/10.26190/unsworks/842,NO FIELD,Arts Design & Architecture,Social Policy Research Centre,NO FIELD,Social Policy,8231590,2
408eaffe-3b76-49d6-bea6-d9a48579b013,Active Linking Initiative Evaluation Final Report,1959.4/unsworks_39841,"Fisher, KR|Edwards, RE",2025-04-10T06:29:45.379+00:00,False,Report,2024-03-25T13:19:28Z,2010,2024-03-25T13:19:28Z,CC-BY-NC-ND,open access,https://doi.org/10.26190/unsworks/25942,NO FIELD,Arts Design & Architecture|Other UNSW,Social Policy Research Centre|PVC (Students) and Registrar,160512 Social Policy,NO FIELD,522564,1
6455597b-f303-4e12-91fb-b3a5407df3f4,Active Streets Evaluation: Analysis of pre-intervention data,1959.4/unsworks_40423,"Hatfield, J|Boufous, S",2025-01-31T16:22:41.776+00:00,False,Report,2024-03-25T13:23:43Z,2016,2024-03-25T13:23:43Z,CC-BY-NC-ND,metadata only access,NO FIELD,NO FIELD,Science,School of Aviation,NO FIELD,NO FIELD,0,0
e7f4dc0c-3b2f-4af0-bc6d-86054f44d867,ACTIVE Trial Protocol Australia: External frame versus internal locking plate for articular pilon fracture fixation in adult patients - a multi-centre randomised controlled trial,1959.4/102458,"Adie, Sam|Harris, Ian|Balogh, Zsolt|Wall, Simon|Diwan, Ashish|Jenkin, Deanne",2025-05-20T02:41:48.473+00:00,False,Report,2024-07-03T02:19:28Z,2024,2024-07-03T02:19:28Z,CC-BY,open access,https://doi.org/10.26190/unsworks/30273,NO FIELD,Medicine & Health,Sch Clinical Medicine (Summ),NO FIELD,NO FIELD,634694,1
bc5e28e1-954e-461e-ab21-dcf103a370c5,Additional Submission for the Royal Commission into Defence and Veteran Suicide.,1959.4/unsworks_79408,"Connor, James|Wadham, Ben",2024-04-10T20:38:38.775+00:00,False,Report,2024-03-25T20:31:19Z,2021,2024-03-25T20:31:19Z,CC-BY-NC-ND,metadata only access,NO FIELD,NO FIELD,UNSW Canberra,School of Business,NO FIELD,NO FIELD,0,0
1805b7ab-2f03-454b-94c7-b0e6557610f1,Addressing Challenges Faced by Chinese and South Asian- Origin Communities in Political Participation and Media Literacy: A Toolkit of Recommendations for Australian Public Services and Institutions,1959.4/104065,"Khorana, Sukhmani|Yang, Fan|Zheng, Hao",2025-02-13T14:14:19.427+00:00,False,Report,2025-02-13T04:06:26Z,2025,2025-02-13T04:06:26Z,CC-BY,open access,https://doi.org/10.26190/unsworks/30847,NO FIELD,Arts Design & Architecture,School of the Arts and Media,NO FIELD,NO FIELD,1095112,1
6167d46c-1912-4f64-a791-142af34a8ad2,Addressing concentrations of disadvantage in urban Australia (AHURI Final Report No 247),1959.4/unsworks_37188,"Pawson, H|Hulse, K|Cheshire, L",2024-04-15T11:07:56.341+00:00,False,Report,2024-03-25T12:53:03Z,2015,2024-03-25T12:53:03Z,CC-BY-NC-ND,open access,https://doi.org/10.26190/unsworks/25726,NO FIELD,Arts Design & Architecture,City Futures Research Centre,1205 Urban and Regional Planning,NO FIELD,2620233,1
9338163b-bdd5-410d-a0af-27da3ea36294,"Addressing Harassment as Systemic Discrimination: Realising CEDAW’s Promise of Substantive Equality, Submission to Senate Education and Employment Committee, Inquiry into the Sex Discrimination and Fair Work (Respect at Work) Amendment Bill 2021",1959.4/unsworks_76844,"Pringle, Helen|Zalnieriute, Monika|Amankaviciute, Sandra",2024-10-25T19:36:30.800+00:00,False,Report,2024-03-25T19:49:46Z,2021,2024-03-25T19:49:46Z,CC-BY-NC-ND,open access,https://doi.org/10.26190/unsworks/28084,NO FIELD,Arts Design & Architecture|Law & Justice,School of Social Sciences|Sch of Global&Public Law,NO FIELD,NO FIELD,1616569,1
5460f9c5-8073-4f1c-9154-378455999638,"Addressing Harrasment as Systemic Discirmination: Realizing CEDWA’s Promise of Susbtantive Equality’, Submission to Senate Education and Employment Committee, Inquiry into the Sex Discrimination and Fair Work (Respect at Work) Amendment Bill 2021",1959.4/unsworks_79638,"Pringle, Helen|Zalnieriute, Monika|Amankaviciute, Sandra",2025-05-09T22:09:45.276+00:00,False,Report,2024-03-25T20:36:11Z,2021,2024-03-25T20:36:11Z,CC-BY-NC-ND,metadata only access,NO FIELD,NO FIELD,Law & Justice|Arts Design & Architecture,"Sch of Global&Public Law|Arts, Design & Architecture",NO FIELD,NO FIELD,0,0
37266979-ef64-483d-b74b-6acace113109,"ADDRESSING SGBV AND  EMPOWERING REFUGEE WOMEN Consolidated Report of 24 Research  Consultations and Workshops Rohingya Refugee Camps, Cox’s Bazar",1959.4/unsworks_78268,"Pittaway, Eileen|Bartolomei, Linda|Doney, Geraldine",2024-04-10T16:58:48.957+00:00,False,Report,2024-03-25T20:10:06Z,2020,2024-03-25T20:10:06Z,CC-BY-NC-ND,metadata only access,NO FIELD,NO FIELD,Arts Design & Architecture,School of Social Sciences,NO FIELD,NO FIELD,0,0
23c68346-4b2b-42d2-82ca-b0fe30653b48,Addressing the housing needs of participants is critical to NDIS success,1959.4/unsworks_47069,"Vizel, I|Laragy, C|Gendera, S|Fisher, KR|Jenkinson, S|Hill, T|Finch, K|Shaw, W|Bridge, C",2025-04-10T03:11:53.257+00:00,False,Report,2024-03-25T14:22:11Z,2016,2024-03-25T14:22:11Z,CC-BY-NC-ND,metadata only access,NO FIELD,NO FIELD,Arts Design & Architecture|Science,"Social Policy Research Centre|Biological, Earth & Env Sci|School of Built Environment",NO FIELD,NO FIELD,0,0
e8c53b2f-4bbb-4080-9b36-49e1e00e539e,Adelaide Gay Community Periodic Survey: November 1999,1959.4/50964,"Van de Ven, Paul|Prestage, Garrett|Kippax, Susan|Knox, Stephanie|Nicholas, Guy|Horwood, Barry|Petersen, Kim",2022-04-11T10:09:15.793+00:00,False,Report,2021-11-25T17:37:11Z,2000,2021-11-25T17:37:11Z,CC BY-NC-ND 3.0,open access,https://doi.org/10.4225/53/5750DBA124C95,NO FIELD,Arts Design & Architecture|Medicine & Health,Centre for Social Research in Health|The Kirby Institute,"111799 Public Health and Health Services not elsewhere classified|111712 Health Promotion|200205 Culture, Gender, Sexuality",HIV testing|HIV status|Sexual practices|Sexual partners|Health|Drug use|Gay community|Gay men|Australia,564097,1
080c9376-9660-4893-9405-7905373f02c4,Adherence and communication: Reports from a study of HIV general practice,1959.4/11112,"Race, Kane|McInnes, David|Wakeford, Elisabeth|Kleinert, Veronica|McMurchie, Marilyn|Kidd, Michael",2022-06-09T10:13:53.469+00:00,False,Report,2021-11-25T12:31:38Z,2001,2021-11-25T12:31:38Z,CC BY-NC-ND 3.0,open access,https://doi.org/10.26190/unsworks/97,NO FIELD,Arts Design & Architecture,Centre for Social Research in Health,NO FIELD,HIV positive persons|HIV treatment|General practice,841269,1
14fb8e16-7465-46b3-84cc-35efe2dc1323,Adolescent unplanned pregnancy in the Pacific: Chuuk,1959.4/unsworks_73685,"McMillan, Karen|Linhart, Christine|Gorman, Hilary|Kim, M|O'Connor, Catherine|O'Connor, Michelle|Rokoduru, A",2025-05-16T18:59:33.746+00:00,False,Report,2024-03-25T19:00:35Z,2020,2024-03-25T19:00:35Z,CC-BY-NC-ND,open access,https://doi.org/10.26190/unsworks/27931,NO FIELD,Medicine & Health,School of Population Health|Sch of Public Health & Com Med|The Kirby Institute|Public Health & Community Med,NO FIELD,NO FIELD,1848536,1
9a2c7af2-cb9d-44e8-9969-45e848492b5f,Adolescent unplanned pregnancy in the Pacific: Tonga,1959.4/unsworks_73177,"Linhart, Christine|McMillan, Karen|Gorman, Hilary|O'Connor, Catherine|O'Connor, Michelle|Rokoduru, Avelina|Tu’i’onetoa, Telusa",2025-05-30T18:17:07.565+00:00,False,Report,2024-03-25T18:52:53Z,2020,2024-03-25T18:52:53Z,CC-BY-NC-ND,open access,https://doi.org/10.26190/unsworks/27896,NO FIELD,Medicine & Health,School of Population Health|Sch of Public Health & Com Med|The Kirby Institute|Public Health & Community Med,NO FIELD,NO FIELD,1243337,1
9382db59-b044-4c1c-ac3a-8599304fca30,Adolescent unplanned pregnancy in the Pacific: Vanuatu,1959.4/unsworks_73998,"McMillan, Karen|Linhart, Christine|Gorman, Hilary|Kepa, Barbara|O'Connor, Catherine|O'Connor, Michelle|Rokoduru, Avelina",2025-05-09T21:19:28.283+00:00,False,Report,2024-03-25T19:04:54Z,2021,2024-03-25T19:04:54Z,CC-BY-NC-ND,open access,https://doi.org/10.26190/unsworks/27940,NO FIELD,Medicine & Health,School of Population Health|Sch of Public Health & Com Med|The Kirby Institute,NO FIELD,NO FIELD,1709323,1
d7e15fc4-3da9-4980-a23b-d4209173af2b,Advanced hybrid ventilation systems for schools,1959.4/unsworks_59440,"Haddad, Shamila|Paolini, Riccardo|Santamouris, Mattheos",2025-05-30T17:33:44.720+00:00,False,Report,2024-03-25T16:56:57Z,2019,2024-03-25T16:56:57Z,CC-BY-NC-ND,open access,https://doi.org/10.26190/unsworks/27331,NO FIELD,Arts Design & Architecture,School of Built Environment,NO FIELD,NO FIELD,4203938,1
10ff7bba-79f9-4171-93f5-db93092caeea,Advances in acoustic logs to predict the stress re-distribution in coal strata as a result of degassing,1959.4/unsworks_77801,"Roshan, Hamid|Masoumi, Hossein",2025-05-09T21:56:22.685+00:00,False,Report,2024-03-25T20:03:15Z,2021,2024-03-25T20:03:15Z,CC-BY-NC-ND,metadata only access,NO FIELD,NO FIELD,Engineering,Minerals and Energy Resources|School of Minerals & Energy,NO FIELD,NO FIELD,0,0
6b1d19a1-ae9e-461c-a560-3f4affc6610a,Aerial Survey of Wetland Birds in  Eastern Australia  - October 2016  Annual Summary Report,1959.4/unsworks_43911,"Porter, J|Kingsford, RT|Brandis, KJ",2024-11-22T17:00:59.989+00:00,False,Report,2024-03-25T13:52:31Z,2016,2024-03-25T13:52:31Z,CC-BY-NC-ND,metadata only access,NO FIELD,https://doi.org/10.13140/RG.2.2.18928.87049,Science,"Centre for Ecosystem Science|Biological, Earth & Env Sci",NO FIELD,NO FIELD,0,0
f9ff3aea-3f91-4025-a5e0-d5c212a3e4b9,Aerial Survey of Wetland Birds in Eastern Australia -October 2017 Annual Summary Report,1959.4/unsworks_60847,"Porter, John|Kingsford, Richard|Brandis, Kate",2025-05-09T20:10:36.643+00:00,False,Report,2024-03-25T17:07:40Z,2017,2024-03-25T17:07:40Z,CC-BY-NC-ND,open access,https://doi.org/10.26190/unsworks/27386,NO FIELD,Science,"Centre for Ecosystem Science|Biological, Earth & Env Sci",NO FIELD,NO FIELD,726750,1
040ea61c-c17e-4fc0-ac17-83f286d2a0a7,"Affordable housing, urban renewal and planning: emerging practice in Queensland, South Australia and New South Wales",1959.4/52540,"Davison, Gethin|Gurran, Nicole|Van den Nouwelant, Ryan|Pinnegar, Simon|Randolph, Bill",2022-06-09T10:13:53.469+00:00,False,Report,2021-11-25T12:26:19Z,2012,2021-11-25T12:26:19Z,CC BY-NC-ND 3.0,open access,https://doi.org/10.26190/unsworks/54,NO FIELD,Arts Design & Architecture,School of Built Environment,160514 Urban Policy,Australia|Affordable housing|Urban planning|Urban renewal,2666820,1
c2ccfb4f-f493-400c-818d-5edb869ad52b,Aftercare: Stories of resourcefulness,1959.4/unsworks_64432,"Skattebol, Jennifer|Hamilton, M|Thomson, C|Blaxland, M|valentine, K|MacAndrew, S",2025-05-23T19:09:13.262+00:00,False,Report,2024-03-25T17:41:45Z,2020,2024-03-25T17:41:45Z,CC-BY-NC-ND,open access,https://doi.org/10.26190/5e5495e950acc,https://doi.org/10.26190/5e5495e950acc,Arts Design & Architecture,Social Policy Research Centre,NO FIELD,NO FIELD,688470,1
ba999fd8-3e5c-4bd2-8c11-0c3d46cc9c53,Age-dependent variation of fecal calprotectin in cystic fibrosis and healthy children.,1959.4/unsworks_47548,"Ooi, KY",2024-04-09T17:35:14.678+00:00,False,Report,2024-03-25T14:28:05Z,2017,2024-03-25T14:28:05Z,CC-BY-NC-ND,metadata only access,NO FIELD,NO FIELD,Medicine & Health,Sch Clinical Medicine (Summ),NO FIELD,NO FIELD,0,0
